{
    "0": {
        "precision": 0.9997713320785914,
        "recall": 0.9995427687113112,
        "f1-score": 0.9996570373301675,
        "support": 56864.0
    },
    "1": {
        "precision": 0.7657657657657657,
        "recall": 0.8673469387755102,
        "f1-score": 0.8133971291866029,
        "support": 98.0
    },
    "accuracy": 0.9993153330290369,
    "macro avg": {
        "precision": 0.8827685489221786,
        "recall": 0.9334448537434107,
        "f1-score": 0.9065270832583852,
        "support": 56962.0
    },
    "weighted avg": {
        "precision": 0.9993687383231288,
        "recall": 0.9993153330290369,
        "f1-score": 0.999336587363557,
        "support": 56962.0
    }
}